﻿Code,Indicator Name,Long definition,Source
GFDD.AI.26,Depositing/withdrawing at least once in a typical month (% age 15+),"Adults depositing/withdrawing at least once in a typical month (% age 15+). It is calculated as follows: (100 - "0 deposits/withdrawals in typical month (% with an account,  age 15+)" ) * ("Account at a formal financial institution (% age 15+)") / 100.  "0 deposits/withdrawals in typical month (% with an account,  age 15+)" denotes the percentage of respondents with an account at a formal financial institution who report making zero deposits into or zero withdrawals from their personal account(s) in a typical month (also called “inactive account”). This includes cash or electronic deposits, or any time money is put into or removed from account(s) by self or others (% age 15+, with an account). "Account at a formal financial institution (% age 15+)" denotes the percentage of respondents with an account (self or together with someone else) at a bank, credit union, another financial institution (e.g., cooperative, microfinance institution), or the post office (if applicable) including respondents who reported having a debit card (% age 15+).","Global Financial Inclusion (Global Findex) Database, World Bank"
GFDD.AI.09,Account used to receive government payments (% age 15+),The percentage of respondents who report using their accounts at a formal financial institution to receive money or payments from the government in the past 12 months (% age 15+).,"Global Financial Inclusion (Global Findex) Database, World Bank"
GFDD.AI.10,Account used to receive remittances (% age 15+),The percentage of respondents who report using their accounts at a formal financial institution to receive money from family members living elsewhere in the past 12 months (% age 15+).,"Global Financial Inclusion (Global Findex) Database, World Bank"
GFDD.AI.11,Account used to receive wages (% age 15+),The percentage of respondents who report using their accounts at a formal financial institution to receive money or payments for work or from selling goods in the past 12 months (% age 15+).,"Global Financial Inclusion (Global Findex) Database, World Bank"
